{
  "camera_data": {
    "intrinsics": {
      "fx": 599.9999910593034,
      "fy": 599.9999910593034,
      "cx": 320.0,
      "cy": 240.0
    },
    "camera_view_matrix": [
      [
        0.45497,
        0.67232,
        -0.58394,
        0.0
      ],
      [
        -0.89051,
        0.3435,
        -0.29834,
        0.0
      ],
      [
        0.0,
        0.65574,
        0.75499,
        -0.0
      ],
      [
        0.0,
        0.0,
        -1.00855,
        1.0
      ]
    ],
    "camera_projection_matrix": [
      [
        1.875,
        0.0,
        0.0,
        0.0
      ],
      [
        0.0,
        2.5,
        0.0,
        0.0
      ],
      [
        0.0,
        0.0,
        5e-05,
        -1.0
      ],
      [
        0.0,
        0.0,
        0.05,
        0.0
      ]
    ]
  },
  "keypoint_order": [
    "LUF",
    "RUF",
    "RDF",
    "LDF",
    "LUB",
    "RUB",
    "RDB",
    "LDB",
    "Center"
  ],
  "objects": [
    {
      "class": "cube",
      "prim_path": "/Replicator/Ref_Xform",
      "visibility": 1.0,
      "location": [
        0.17168914048491157,
        -0.09725703731890664,
        -0.877453392375805
      ],
      "quaternion_xyzw": [
        -0.2960069418862302,
        0.1828507935578502,
        0.4909784010522338,
        0.7986774614014209
      ],
      "projected_cuboid": [
        [
          359,
          68
        ],
        [
          384,
          39
        ],
        [
          453,
          57
        ],
        [
          432,
          89
        ],
        [
          356,
          119
        ],
        [
          379,
          89
        ],
        [
          444,
          108
        ],
        [
          424,
          141
        ],
        [
          404,
          89
        ]
      ],
      "truncation_ratio": 0.0
    },
    {
      "class": "16ozredsolocup,cube,erial",
      "prim_path": "/Replicator/Ref_Xform/Ref/_16oz__Red_Solo_Cup/_16oz__Red_Solo_Cup",
      "visibility": 1.0,
      "location": [
        0.17568053202563058,
        -0.1017064534388607,
        0.12189165195451351
      ],
      "quaternion_xyzw": [
        -0.29600694171200864,
        0.18285079361570322,
        0.4909784011106762,
        0.7986774614168194
      ],
      "projected_cuboid": [
        [
          359,
          68
        ],
        [
          384,
          39
        ],
        [
          453,
          57
        ],
        [
          432,
          89
        ],
        [
          356,
          119
        ],
        [
          379,
          89
        ],
        [
          444,
          108
        ],
        [
          424,
          141
        ],
        [
          404,
          89
        ]
      ],
      "truncation_ratio": 0.0
    }
  ]
}