{
  "camera_data": {
    "intrinsics": {
      "fx": 599.9999910593034,
      "fy": 599.9999910593034,
      "cx": 320.0,
      "cy": 240.0
    },
    "camera_view_matrix": [
      [
        0.50705,
        0.60531,
        -0.61359,
        0.0
      ],
      [
        -0.86192,
        0.3561,
        -0.36097,
        0.0
      ],
      [
        0.0,
        0.71189,
        0.70229,
        -0.0
      ],
      [
        0.0,
        -0.0,
        -1.34924,
        1.0
      ]
    ],
    "camera_projection_matrix": [
      [
        1.875,
        0.0,
        0.0,
        0.0
      ],
      [
        0.0,
        2.5,
        0.0,
        0.0
      ],
      [
        0.0,
        0.0,
        5e-05,
        -1.0
      ],
      [
        0.0,
        0.0,
        0.05,
        0.0
      ]
    ]
  },
  "keypoint_order": [
    "LUF",
    "RUF",
    "RDF",
    "LDF",
    "LUB",
    "RUB",
    "RDB",
    "LDB",
    "Center"
  ],
  "objects": [
    {
      "class": "cube",
      "prim_path": "/Replicator/Ref_Xform",
      "visibility": 1.0,
      "location": [
        0.08828319901238724,
        -0.09605765555290498,
        -1.1565842831201234
      ],
      "quaternion_xyzw": [
        -0.3338985080082971,
        0.1925121644280627,
        0.460666404407467,
        0.7995231808692927
      ],
      "projected_cuboid": [
        [
          333,
          111
        ],
        [
          356,
          89
        ],
        [
          408,
          105
        ],
        [
          387,
          128
        ],
        [
          332,
          151
        ],
        [
          354,
          129
        ],
        [
          403,
          145
        ],
        [
          383,
          169
        ],
        [
          369,
          128
        ]
      ],
      "truncation_ratio": 0.0
    },
    {
      "class": "16ozredsolocup,cube,erial",
      "prim_path": "/Replicator/Ref_Xform/Ref/_16oz__Red_Solo_Cup/_16oz__Red_Solo_Cup",
      "visibility": 1.0,
      "location": [
        0.09466821687156185,
        -0.09724143761599721,
        0.17494091504258574
      ],
      "quaternion_xyzw": [
        -0.33389850799911974,
        0.19251216441742852,
        0.46066640436133666,
        0.7995231809022652
      ],
      "projected_cuboid": [
        [
          333,
          111
        ],
        [
          356,
          89
        ],
        [
          408,
          105
        ],
        [
          387,
          128
        ],
        [
          332,
          151
        ],
        [
          354,
          129
        ],
        [
          403,
          145
        ],
        [
          383,
          169
        ],
        [
          369,
          128
        ]
      ],
      "truncation_ratio": 0.0
    }
  ]
}