{
  "camera_data": {
    "intrinsics": {
      "fx": 599.9999910593034,
      "fy": 599.9999910593034,
      "cx": 320.0,
      "cy": 240.0
    },
    "camera_view_matrix": [
      [
        -0.01404,
        0.83398,
        -0.55161,
        0.0
      ],
      [
        -0.9999,
        -0.01171,
        0.00775,
        -0.0
      ],
      [
        0.0,
        0.55166,
        0.83407,
        -0.0
      ],
      [
        -0.0,
        -0.0,
        -1.17884,
        1.0
      ]
    ],
    "camera_projection_matrix": [
      [
        1.875,
        0.0,
        0.0,
        0.0
      ],
      [
        0.0,
        2.5,
        0.0,
        0.0
      ],
      [
        0.0,
        0.0,
        5e-05,
        -1.0
      ],
      [
        0.0,
        0.0,
        0.05,
        0.0
      ]
    ]
  },
  "keypoint_order": [
    "LUF",
    "RUF",
    "RDF",
    "LDF",
    "LUB",
    "RUB",
    "RDB",
    "LDB",
    "Center"
  ],
  "objects": [
    {
      "class": "cube",
      "prim_path": "/Replicator/Ref_Xform",
      "visibility": 1.0,
      "location": [
        -0.07101190729319734,
        -0.12305632603865427,
        -0.9837677776049341
      ],
      "quaternion_xyzw": [
        -0.19756957468211972,
        0.20532517570425984,
        0.6840831220665005,
        0.6714447985394562
      ],
      "projected_cuboid": [
        [
          327,
          178
        ],
        [
          325,
          131
        ],
        [
          400,
          130
        ],
        [
          406,
          177
        ],
        [
          326,
          216
        ],
        [
          325,
          171
        ],
        [
          393,
          170
        ],
        [
          398,
          216
        ],
        [
          362,
          174
        ]
      ],
      "truncation_ratio": 0.0
    },
    {
      "class": "16ozredsolocup,cube,erial",
      "prim_path": "/Replicator/Ref_Xform/Ref/_16oz__Red_Solo_Cup/_16oz__Red_Solo_Cup",
      "visibility": 1.0,
      "location": [
        -0.06172543658183629,
        -0.13062739462006187,
        0.16385739299443025
      ],
      "quaternion_xyzw": [
        -0.1975695746298735,
        0.2053251755550627,
        0.6840831220835087,
        0.6714447985831247
      ],
      "projected_cuboid": [
        [
          327,
          178
        ],
        [
          325,
          131
        ],
        [
          400,
          130
        ],
        [
          406,
          177
        ],
        [
          326,
          216
        ],
        [
          325,
          171
        ],
        [
          393,
          170
        ],
        [
          398,
          216
        ],
        [
          362,
          174
        ]
      ],
      "truncation_ratio": 0.0
    }
  ]
}