{
  "camera_data": {
    "intrinsics": {
      "fx": 599.9999910593034,
      "fy": 599.9999910593034,
      "cx": 320.0,
      "cy": 240.0
    },
    "camera_view_matrix": [
      [
        -0.98666,
        -0.05754,
        -0.1523,
        0.0
      ],
      [
        -0.16281,
        0.34871,
        0.92298,
        0.0
      ],
      [
        0.0,
        0.93546,
        -0.35342,
        0.0
      ],
      [
        0.0,
        -0.0,
        -0.88649,
        1.0
      ]
    ],
    "camera_projection_matrix": [
      [
        1.875,
        0.0,
        0.0,
        0.0
      ],
      [
        0.0,
        2.5,
        0.0,
        0.0
      ],
      [
        0.0,
        0.0,
        5e-05,
        -1.0
      ],
      [
        0.0,
        0.0,
        0.05,
        0.0
      ]
    ]
  },
  "keypoint_order": [
    "LUF",
    "RUF",
    "RDF",
    "LDF",
    "LUB",
    "RUB",
    "RDB",
    "LDB",
    "Center"
  ],
  "objects": [
    {
      "class": "cube",
      "prim_path": "/Replicator/Ref_Xform",
      "visibility": 0.978,
      "location": [
        -0.1459094249869279,
        -0.19305811034713807,
        -0.7062480144900607
      ],
      "quaternion_xyzw": [
        -0.06613829666624613,
        0.8184121788554959,
        0.5691058898186029,
        0.044110286655880314
      ],
      "projected_cuboid": [
        [
          408,
          105
        ],
        [
          351,
          111
        ],
        [
          358,
          146
        ],
        [
          410,
          141
        ],
        [
          412,
          157
        ],
        [
          352,
          162
        ],
        [
          359,
          192
        ],
        [
          413,
          188
        ],
        [
          383,
          151
        ]
      ],
      "truncation_ratio": 0.0
    },
    {
      "class": "16ozredsolocup,cube,erial",
      "prim_path": "/Replicator/Ref_Xform/Ref/_16oz__Red_Solo_Cup/_16oz__Red_Solo_Cup",
      "visibility": 0.978,
      "location": [
        -0.14129772375187274,
        -0.1978139286257062,
        0.16571033030749388
      ],
      "quaternion_xyzw": [
        -0.06613829671801369,
        0.8184121788498736,
        0.5691058898180319,
        0.0441102866899383
      ],
      "projected_cuboid": [
        [
          408,
          105
        ],
        [
          351,
          111
        ],
        [
          358,
          146
        ],
        [
          410,
          141
        ],
        [
          412,
          157
        ],
        [
          352,
          162
        ],
        [
          359,
          192
        ],
        [
          413,
          188
        ],
        [
          383,
          151
        ]
      ],
      "truncation_ratio": 0.0
    }
  ]
}