{
  "camera_data": {
    "intrinsics": {
      "fx": 599.9999910593034,
      "fy": 599.9999910593034,
      "cx": 320.0,
      "cy": 240.0
    },
    "camera_view_matrix": [
      [
        0.28076,
        -0.46278,
        -0.84084,
        0.0
      ],
      [
        -0.95978,
        -0.13537,
        -0.24596,
        0.0
      ],
      [
        -0.0,
        0.87608,
        -0.48217,
        0.0
      ],
      [
        -0.0,
        0.0,
        -0.84186,
        1.0
      ]
    ],
    "camera_projection_matrix": [
      [
        1.875,
        0.0,
        0.0,
        0.0
      ],
      [
        0.0,
        2.5,
        0.0,
        0.0
      ],
      [
        0.0,
        0.0,
        5e-05,
        -1.0
      ],
      [
        0.0,
        0.0,
        0.05,
        0.0
      ]
    ]
  },
  "keypoint_order": [
    "LUF",
    "RUF",
    "RDF",
    "LDF",
    "LUB",
    "RUB",
    "RDB",
    "LDB",
    "Center"
  ],
  "objects": [
    {
      "class": "cube",
      "prim_path": "/Replicator/Ref_Xform",
      "visibility": 0.825,
      "location": [
        0.09423440981205833,
        0.17816594750235976,
        -0.7425724324052361
      ],
      "quaternion_xyzw": [
        0.687972562492511,
        -0.5165756748199742,
        -0.30794479305529204,
        -0.40621832783850315
      ],
      "projected_cuboid": [
        [
          178,
          197
        ],
        [
          202,
          224
        ],
        [
          261,
          215
        ],
        [
          240,
          186
        ],
        [
          171,
          245
        ],
        [
          197,
          269
        ],
        [
          258,
          261
        ],
        [
          236,
          235
        ],
        [
          218,
          229
        ]
      ],
      "truncation_ratio": 0.0
    },
    {
      "class": "16ozredsolocup,cube,erial",
      "prim_path": "/Replicator/Ref_Xform/Ref/_16oz__Red_Solo_Cup/_16oz__Red_Solo_Cup",
      "visibility": 0.825,
      "location": [
        0.09901956729125187,
        0.17638803864026759,
        0.0875333556841627
      ],
      "quaternion_xyzw": [
        0.6879725625209737,
        -0.5165756748508733,
        -0.30794479306474987,
        -0.4062183277438355
      ],
      "projected_cuboid": [
        [
          178,
          197
        ],
        [
          202,
          224
        ],
        [
          261,
          215
        ],
        [
          240,
          186
        ],
        [
          171,
          245
        ],
        [
          197,
          269
        ],
        [
          258,
          261
        ],
        [
          236,
          235
        ],
        [
          218,
          229
        ]
      ],
      "truncation_ratio": 0.0
    }
  ]
}