{
  "camera_data": {
    "intrinsics": {
      "fx": 599.9999910593034,
      "fy": 599.9999910593034,
      "cx": 320.0,
      "cy": 240.0
    },
    "camera_view_matrix": [
      [
        0.56607,
        -0.68743,
        0.45498,
        -0.0
      ],
      [
        0.82436,
        0.47205,
        -0.31243,
        0.0
      ],
      [
        0.0,
        0.55192,
        0.8339,
        -0.0
      ],
      [
        0.0,
        -0.0,
        -0.73617,
        1.0
      ]
    ],
    "camera_projection_matrix": [
      [
        1.875,
        0.0,
        0.0,
        0.0
      ],
      [
        0.0,
        2.5,
        0.0,
        0.0
      ],
      [
        0.0,
        0.0,
        5e-05,
        -1.0
      ],
      [
        0.0,
        0.0,
        0.05,
        0.0
      ]
    ]
  },
  "keypoint_order": [
    "LUF",
    "RUF",
    "RDF",
    "LDF",
    "LUB",
    "RUB",
    "RDB",
    "LDB",
    "Center"
  ],
  "objects": [
    {
      "class": "cube",
      "prim_path": "/Replicator/Ref_Xform",
      "visibility": 1.0,
      "location": [
        -0.18435587116246596,
        0.11346727350526604,
        -0.5462399595237194
      ],
      "quaternion_xyzw": [
        -0.2527815643968526,
        -0.12997859850688376,
        -0.4420576980301095,
        0.8507596818394644
      ],
      "projected_cuboid": [
        [
          399,
          -99
        ],
        [
          459,
          -58
        ],
        [
          366,
          -17
        ],
        [
          308,
          -64
        ],
        [
          390,
          -19
        ],
        [
          443,
          23
        ],
        [
          360,
          64
        ],
        [
          310,
          17
        ],
        [
          379,
          -18
        ]
      ],
      "truncation_ratio": 0.6073619631901841
    },
    {
      "class": "16ozredsolocup,cube,erial",
      "prim_path": "/Replicator/Ref_Xform/Ref/_16oz__Red_Solo_Cup/_16oz__Red_Solo_Cup",
      "visibility": 1.0,
      "location": [
        -0.17842902258216187,
        0.10755647735053568,
        0.16461911566598708
      ],
      "quaternion_xyzw": [
        -0.25278156419191933,
        -0.12997859826929384,
        -0.44205769824059754,
        0.8507596818272837
      ],
      "projected_cuboid": [
        [
          399,
          -99
        ],
        [
          459,
          -58
        ],
        [
          366,
          -17
        ],
        [
          308,
          -64
        ],
        [
          390,
          -19
        ],
        [
          443,
          23
        ],
        [
          360,
          64
        ],
        [
          310,
          17
        ],
        [
          379,
          -18
        ]
      ],
      "truncation_ratio": 0.6073619631901841
    }
  ]
}