{
  "camera_data": {
    "intrinsics": {
      "fx": 599.9999910593034,
      "fy": 599.9999910593034,
      "cx": 320.0,
      "cy": 240.0
    },
    "camera_view_matrix": [
      [
        0.66629,
        0.4245,
        -0.61307,
        0.0
      ],
      [
        -0.74569,
        0.3793,
        -0.54779,
        0.0
      ],
      [
        -0.0,
        0.82215,
        0.56927,
        0.0
      ],
      [
        0.0,
        0.0,
        -0.46931,
        1.0
      ]
    ],
    "camera_projection_matrix": [
      [
        1.875,
        0.0,
        0.0,
        0.0
      ],
      [
        0.0,
        2.5,
        0.0,
        0.0
      ],
      [
        0.0,
        0.0,
        5e-05,
        -1.0
      ],
      [
        0.0,
        0.0,
        0.05,
        0.0
      ]
    ]
  },
  "keypoint_order": [
    "LUF",
    "RUF",
    "RDF",
    "LDF",
    "LUB",
    "RUB",
    "RDB",
    "LDB",
    "Center"
  ],
  "objects": [
    {
      "class": "cube",
      "prim_path": "/Replicator/Ref_Xform",
      "visibility": 0.987,
      "location": [
        0.07351563079301812,
        -0.10720416423000417,
        -0.36663224699575836
      ],
      "quaternion_xyzw": [
        -0.42237723851554615,
        0.18867772767319174,
        0.3637512633955141,
        0.8085067729105487
      ],
      "projected_cuboid": [
        [
          377,
          -38
        ],
        [
          453,
          -55
        ],
        [
          609,
          -35
        ],
        [
          546,
          -10
        ],
        [
          370,
          100
        ],
        [
          439,
          68
        ],
        [
          573,
          104
        ],
        [
          514,
          146
        ],
        [
          481,
          37
        ]
      ],
      "truncation_ratio": 0.2736318407960199
    },
    {
      "class": "16ozredsolocup,cube,erial",
      "prim_path": "/Replicator/Ref_Xform/Ref/_16oz__Red_Solo_Cup/_16oz__Red_Solo_Cup",
      "visibility": 0.987,
      "location": [
        0.07403685528737078,
        -0.10878780067961863,
        0.08857779231043374
      ],
      "quaternion_xyzw": [
        -0.4223772385216993,
        0.18867772768211138,
        0.36375126335913555,
        0.8085067729216197
      ],
      "projected_cuboid": [
        [
          377,
          -38
        ],
        [
          453,
          -55
        ],
        [
          609,
          -35
        ],
        [
          546,
          -10
        ],
        [
          370,
          100
        ],
        [
          439,
          68
        ],
        [
          573,
          104
        ],
        [
          514,
          146
        ],
        [
          481,
          37
        ]
      ],
      "truncation_ratio": 0.2736318407960199
    }
  ]
}