{
  "camera_data": {
    "intrinsics": {
      "fx": 599.9999910593034,
      "fy": 599.9999910593034,
      "cx": 320.0,
      "cy": 240.0
    },
    "camera_view_matrix": [
      [
        0.70997,
        -0.51339,
        -0.48205,
        0.0
      ],
      [
        -0.70423,
        -0.51757,
        -0.48598,
        0.0
      ],
      [
        -0.0,
        0.68451,
        -0.729,
        0.0
      ],
      [
        0.0,
        -0.0,
        -1.058,
        1.0
      ]
    ],
    "camera_projection_matrix": [
      [
        1.875,
        0.0,
        0.0,
        0.0
      ],
      [
        0.0,
        2.5,
        0.0,
        0.0
      ],
      [
        0.0,
        0.0,
        5e-05,
        -1.0
      ],
      [
        0.0,
        0.0,
        0.05,
        0.0
      ]
    ]
  },
  "keypoint_order": [
    "LUF",
    "RUF",
    "RDF",
    "LDF",
    "LUB",
    "RUB",
    "RDB",
    "LDB",
    "Center"
  ],
  "objects": [
    {
      "class": "cube",
      "prim_path": "/Replicator/Ref_Xform",
      "visibility": 1.0,
      "location": [
        0.018775448389972596,
        0.17794975563646198,
        -0.9580005523645001
      ],
      "quaternion_xyzw": [
        0.8601674144395387,
        -0.3518302944041712,
        -0.14310918356769553,
        -0.34036337149355683
      ],
      "projected_cuboid": [
        [
          234,
          253
        ],
        [
          267,
          275
        ],
        [
          303,
          249
        ],
        [
          270,
          225
        ],
        [
          229,
          286
        ],
        [
          264,
          308
        ],
        [
          302,
          281
        ],
        [
          267,
          257
        ],
        [
          267,
          267
        ]
      ],
      "truncation_ratio": 0.0
    },
    {
      "class": "16ozredsolocup,cube,erial",
      "prim_path": "/Replicator/Ref_Xform/Ref/_16oz__Red_Solo_Cup/_16oz__Red_Solo_Cup",
      "visibility": 1.0,
      "location": [
        0.022366226252055085,
        0.17543008471953153,
        0.09620277189259743
      ],
      "quaternion_xyzw": [
        0.8601674144334271,
        -0.35183029445952585,
        -0.14310918351000376,
        -0.3403633714760391
      ],
      "projected_cuboid": [
        [
          234,
          253
        ],
        [
          267,
          275
        ],
        [
          303,
          249
        ],
        [
          270,
          225
        ],
        [
          229,
          286
        ],
        [
          264,
          308
        ],
        [
          302,
          281
        ],
        [
          267,
          257
        ],
        [
          267,
          267
        ]
      ],
      "truncation_ratio": 0.0
    }
  ]
}