{
  "camera_data": {
    "intrinsics": {
      "fx": 599.9999910593034,
      "fy": 599.9999910593034,
      "cx": 320.0,
      "cy": 240.0
    },
    "camera_view_matrix": [
      [
        -0.96978,
        0.1848,
        -0.15928,
        0.0
      ],
      [
        -0.24397,
        -0.73459,
        0.63313,
        -0.0
      ],
      [
        0.0,
        0.65286,
        0.75748,
        -0.0
      ],
      [
        -0.0,
        -0.0,
        -1.16058,
        1.0
      ]
    ],
    "camera_projection_matrix": [
      [
        1.875,
        0.0,
        0.0,
        0.0
      ],
      [
        0.0,
        2.5,
        0.0,
        0.0
      ],
      [
        0.0,
        0.0,
        5e-05,
        -1.0
      ],
      [
        0.0,
        0.0,
        0.05,
        0.0
      ]
    ]
  },
  "keypoint_order": [
    "LUF",
    "RUF",
    "RDF",
    "LDF",
    "LUB",
    "RUB",
    "RDB",
    "LDB",
    "Center"
  ],
  "objects": [
    {
      "class": "cube",
      "prim_path": "/Replicator/Ref_Xform",
      "visibility": 1.0,
      "location": [
        0.17845821484246993,
        0.18580027247764175,
        -1.0094971177220617
      ],
      "quaternion_xyzw": [
        -0.03985921175558702,
        0.34374229486615815,
        0.9313596169020987,
        0.11323313102774553
      ],
      "projected_cuboid": [
        [
          136,
          270
        ],
        [
          71,
          257
        ],
        [
          111,
          197
        ],
        [
          171,
          208
        ],
        [
          152,
          311
        ],
        [
          92,
          298
        ],
        [
          127,
          240
        ],
        [
          183,
          251
        ],
        [
          131,
          253
        ]
      ],
      "truncation_ratio": 0.0
    },
    {
      "class": "16ozredsolocup,cube,erial",
      "prim_path": "/Replicator/Ref_Xform/Ref/_16oz__Red_Solo_Cup/_16oz__Red_Solo_Cup",
      "visibility": 1.0,
      "location": [
        0.18596629488555758,
        0.18043109868829274,
        0.12263063481165778
      ],
      "quaternion_xyzw": [
        -0.03985921190376669,
        0.34374229485687063,
        0.9313596168916443,
        0.11323313108976771
      ],
      "projected_cuboid": [
        [
          136,
          270
        ],
        [
          71,
          257
        ],
        [
          111,
          197
        ],
        [
          171,
          208
        ],
        [
          152,
          311
        ],
        [
          92,
          298
        ],
        [
          127,
          240
        ],
        [
          183,
          251
        ],
        [
          131,
          253
        ]
      ],
      "truncation_ratio": 0.0
    }
  ]
}