{
  "camera_data": {
    "intrinsics": {
      "fx": 599.9999910593034,
      "fy": 599.9999910593034,
      "cx": 320.0,
      "cy": 240.0
    },
    "camera_view_matrix": [
      [
        -0.92518,
        -0.2858,
        0.24973,
        0.0
      ],
      [
        0.37953,
        -0.69669,
        0.60875,
        -0.0
      ],
      [
        -0.0,
        0.65798,
        0.75303,
        0.0
      ],
      [
        -0.0,
        -0.0,
        -1.28293,
        1.0
      ]
    ],
    "camera_projection_matrix": [
      [
        1.875,
        0.0,
        0.0,
        0.0
      ],
      [
        0.0,
        2.5,
        0.0,
        0.0
      ],
      [
        0.0,
        0.0,
        5e-05,
        -1.0
      ],
      [
        0.0,
        0.0,
        0.05,
        0.0
      ]
    ]
  },
  "keypoint_order": [
    "LUF",
    "RUF",
    "RDF",
    "LDF",
    "LUB",
    "RUB",
    "RDB",
    "LDB",
    "Center"
  ],
  "objects": [
    {
      "class": "cube",
      "prim_path": "/Replicator/Ref_Xform",
      "visibility": 0.004,
      "location": [
        0.1468463300077783,
        -0.043183988887009986,
        -1.1616821928244596
      ],
      "quaternion_xyzw": [
        0.0695705476279595,
        0.3412424290917457,
        0.9195167788650339,
        -0.18221535850740866
      ],
      "projected_cuboid": [
        [
          254,
          219
        ],
        [
          199,
          235
        ],
        [
          182,
          190
        ],
        [
          234,
          175
        ],
        [
          259,
          255
        ],
        [
          207,
          271
        ],
        [
          191,
          226
        ],
        [
          240,
          212
        ],
        [
          221,
          223
        ]
      ],
      "truncation_ratio": 0.0
    },
    {
      "class": "16ozredsolocup,cube,erial",
      "prim_path": "/Replicator/Ref_Xform/Ref/_16oz__Red_Solo_Cup/_16oz__Red_Solo_Cup",
      "visibility": 0.004,
      "location": [
        0.1531009633002198,
        -0.051709569386323394,
        0.0953919181957001
      ],
      "quaternion_xyzw": [
        0.06957054772369045,
        0.3412424290709732,
        0.9195167788583191,
        -0.18221535854364398
      ],
      "projected_cuboid": [
        [
          254,
          219
        ],
        [
          199,
          235
        ],
        [
          182,
          190
        ],
        [
          234,
          175
        ],
        [
          259,
          255
        ],
        [
          207,
          271
        ],
        [
          191,
          226
        ],
        [
          240,
          212
        ],
        [
          221,
          223
        ]
      ],
      "truncation_ratio": 0.0
    }
  ]
}