{
  "camera_data": {
    "intrinsics": {
      "fx": 599.9999910593034,
      "fy": 599.9999910593034,
      "cx": 320.0,
      "cy": 240.0
    },
    "camera_view_matrix": [
      [
        -0.38498,
        0.50372,
        0.77334,
        0.0
      ],
      [
        0.92293,
        0.21012,
        0.32258,
        -0.0
      ],
      [
        -0.0,
        0.83793,
        -0.54578,
        0.0
      ],
      [
        0.0,
        0.0,
        -1.19901,
        1.0
      ]
    ],
    "camera_projection_matrix": [
      [
        1.875,
        0.0,
        0.0,
        0.0
      ],
      [
        0.0,
        2.5,
        0.0,
        0.0
      ],
      [
        0.0,
        0.0,
        5e-05,
        -1.0
      ],
      [
        0.0,
        0.0,
        0.05,
        0.0
      ]
    ]
  },
  "keypoint_order": [
    "LUF",
    "RUF",
    "RDF",
    "LDF",
    "LUB",
    "RUB",
    "RDB",
    "LDB",
    "Center"
  ],
  "objects": [
    {
      "class": "cube",
      "prim_path": "/Replicator/Ref_Xform",
      "visibility": 1.0,
      "location": [
        0.0005532180085354582,
        0.184651328415077,
        -1.0307206253473844
      ],
      "quaternion_xyzw": [
        0.4870982285214756,
        0.7304124676752725,
        0.39720986886278004,
        -0.26731491337703644
      ],
      "projected_cuboid": [
        [
          453,
          103
        ],
        [
          442,
          68
        ],
        [
          382,
          86
        ],
        [
          396,
          119
        ],
        [
          459,
          139
        ],
        [
          448,
          104
        ],
        [
          385,
          123
        ],
        [
          400,
          155
        ],
        [
          420,
          112
        ]
      ],
      "truncation_ratio": 0.0
    },
    {
      "class": "16ozredsolocup,cube,erial",
      "prim_path": "/Replicator/Ref_Xform/Ref/_16oz__Red_Solo_Cup/_16oz__Red_Solo_Cup",
      "visibility": 1.0,
      "location": [
        0.0055102202945443175,
        0.17862572370365165,
        0.1588888553967037
      ],
      "quaternion_xyzw": [
        0.4870982284702926,
        0.7304124676267755,
        0.39720986897188837,
        -0.2673149134406884
      ],
      "projected_cuboid": [
        [
          453,
          103
        ],
        [
          442,
          68
        ],
        [
          382,
          86
        ],
        [
          396,
          119
        ],
        [
          459,
          139
        ],
        [
          448,
          104
        ],
        [
          385,
          123
        ],
        [
          400,
          155
        ],
        [
          420,
          112
        ]
      ],
      "truncation_ratio": 0.0
    }
  ]
}