{
  "camera_data": {
    "intrinsics": {
      "fx": 599.9999910593034,
      "fy": 599.9999910593034,
      "cx": 320.0,
      "cy": 240.0
    },
    "camera_view_matrix": [
      [
        -0.48118,
        0.58644,
        0.65158,
        0.0
      ],
      [
        0.87662,
        0.32189,
        0.35765,
        0.0
      ],
      [
        0.0,
        0.74329,
        -0.66897,
        0.0
      ],
      [
        -0.0,
        -0.0,
        -1.23382,
        1.0
      ]
    ],
    "camera_projection_matrix": [
      [
        1.875,
        0.0,
        0.0,
        0.0
      ],
      [
        0.0,
        2.5,
        0.0,
        0.0
      ],
      [
        0.0,
        0.0,
        5e-05,
        -1.0
      ],
      [
        0.0,
        0.0,
        0.05,
        0.0
      ]
    ]
  },
  "keypoint_order": [
    "LUF",
    "RUF",
    "RDF",
    "LDF",
    "LUB",
    "RUB",
    "RDB",
    "LDB",
    "Center"
  ],
  "objects": [
    {
      "class": "cube",
      "prim_path": "/Replicator/Ref_Xform",
      "visibility": 0.33,
      "location": [
        0.07497018308755668,
        -0.16581707010265637,
        -1.0836646701707828
      ],
      "quaternion_xyzw": [
        0.4628130107277,
        0.7874781176781003,
        0.3481940541994207,
        -0.2108156348554079
      ],
      "projected_cuboid": [
        [
          285,
          150
        ],
        [
          262,
          118
        ],
        [
          215,
          140
        ],
        [
          240,
          169
        ],
        [
          284,
          180
        ],
        [
          259,
          148
        ],
        [
          210,
          170
        ],
        [
          236,
          199
        ],
        [
          249,
          159
        ]
      ],
      "truncation_ratio": 0.0
    },
    {
      "class": "16ozredsolocup,cube,erial",
      "prim_path": "/Replicator/Ref_Xform/Ref/_16oz__Red_Solo_Cup/_16oz__Red_Solo_Cup",
      "visibility": 0.33,
      "location": [
        0.08135726102908922,
        -0.16637896022507104,
        0.1271100866924404
      ],
      "quaternion_xyzw": [
        0.46281301094391875,
        0.7874781175529949,
        0.3481940542675413,
        -0.2108156347355395
      ],
      "projected_cuboid": [
        [
          285,
          150
        ],
        [
          262,
          118
        ],
        [
          215,
          140
        ],
        [
          240,
          169
        ],
        [
          284,
          180
        ],
        [
          259,
          148
        ],
        [
          210,
          170
        ],
        [
          236,
          199
        ],
        [
          249,
          159
        ]
      ],
      "truncation_ratio": 0.0
    }
  ]
}