{
  "camera_data": {
    "intrinsics": {
      "fx": 599.9999910593034,
      "fy": 599.9999910593034,
      "cx": 320.0,
      "cy": 240.0
    },
    "camera_view_matrix": [
      [
        -0.60608,
        0.55246,
        0.57223,
        0.0
      ],
      [
        0.79541,
        0.42096,
        0.43603,
        0.0
      ],
      [
        0.0,
        0.71943,
        -0.69457,
        0.0
      ],
      [
        0.0,
        -0.0,
        -0.97894,
        1.0
      ]
    ],
    "camera_projection_matrix": [
      [
        1.875,
        0.0,
        0.0,
        0.0
      ],
      [
        0.0,
        2.5,
        0.0,
        0.0
      ],
      [
        0.0,
        0.0,
        5e-05,
        -1.0
      ],
      [
        0.0,
        0.0,
        0.05,
        0.0
      ]
    ]
  },
  "keypoint_order": [
    "LUF",
    "RUF",
    "RDF",
    "LDF",
    "LUB",
    "RUB",
    "RDB",
    "LDB",
    "Center"
  ],
  "objects": [
    {
      "class": "cube",
      "prim_path": "/Replicator/Ref_Xform",
      "visibility": 0.997,
      "location": [
        0.1068236708495745,
        -0.028991149911847418,
        -0.7860837778049107
      ],
      "quaternion_xyzw": [
        0.4073220960255756,
        0.824757147255327,
        0.3492865143864338,
        -0.1785029103638437
      ],
      "projected_cuboid": [
        [
          321,
          67
        ],
        [
          286,
          25
        ],
        [
          233,
          64
        ],
        [
          269,
          102
        ],
        [
          321,
          98
        ],
        [
          284,
          55
        ],
        [
          227,
          95
        ],
        [
          266,
          134
        ],
        [
          276,
          81
        ]
      ],
      "truncation_ratio": 0.0
    },
    {
      "class": "16ozredsolocup,cube,erial",
      "prim_path": "/Replicator/Ref_Xform/Ref/_16oz__Red_Solo_Cup/_16oz__Red_Solo_Cup",
      "visibility": 0.997,
      "location": [
        0.11493678344280697,
        -0.032023001687566284,
        0.1891138260807186
      ],
      "quaternion_xyzw": [
        0.4073220961247487,
        0.8247571471980674,
        0.3492865143515091,
        -0.17850291047044387
      ],
      "projected_cuboid": [
        [
          321,
          67
        ],
        [
          286,
          25
        ],
        [
          233,
          64
        ],
        [
          269,
          102
        ],
        [
          321,
          98
        ],
        [
          284,
          55
        ],
        [
          227,
          95
        ],
        [
          266,
          134
        ],
        [
          276,
          81
        ]
      ],
      "truncation_ratio": 0.0
    }
  ]
}