{
  "camera_data": {
    "intrinsics": {
      "fx": 599.9999910593034,
      "fy": 599.9999910593034,
      "cx": 320.0,
      "cy": 240.0
    },
    "camera_view_matrix": [
      [
        -0.5788,
        -0.50931,
        -0.63685,
        0.0
      ],
      [
        -0.81547,
        0.3615,
        0.45203,
        0.0
      ],
      [
        0.0,
        0.78097,
        -0.62457,
        0.0
      ],
      [
        0.0,
        -0.0,
        -1.2055,
        1.0
      ]
    ],
    "camera_projection_matrix": [
      [
        1.875,
        0.0,
        0.0,
        0.0
      ],
      [
        0.0,
        2.5,
        0.0,
        0.0
      ],
      [
        0.0,
        0.0,
        5e-05,
        -1.0
      ],
      [
        0.0,
        0.0,
        0.05,
        0.0
      ]
    ]
  },
  "keypoint_order": [
    "LUF",
    "RUF",
    "RDF",
    "LDF",
    "LUB",
    "RUB",
    "RDB",
    "LDB",
    "Center"
  ],
  "objects": [
    {
      "class": "cube",
      "prim_path": "/Replicator/Ref_Xform",
      "visibility": 1.0,
      "location": [
        0.16790443955784548,
        0.11472688552221942,
        -1.0753249070592847
      ],
      "quaternion_xyzw": [
        -0.41573955321991674,
        0.7978577914349685,
        0.38936437320351375,
        0.1974308826269422
      ],
      "projected_cuboid": [
        [
          193,
          167
        ],
        [
          174,
          192
        ],
        [
          220,
          212
        ],
        [
          241,
          189
        ],
        [
          187,
          199
        ],
        [
          167,
          224
        ],
        [
          216,
          244
        ],
        [
          237,
          221
        ],
        [
          205,
          206
        ]
      ],
      "truncation_ratio": 0.0
    },
    {
      "class": "16ozredsolocup,cube,erial",
      "prim_path": "/Replicator/Ref_Xform/Ref/_16oz__Red_Solo_Cup/_16oz__Red_Solo_Cup",
      "visibility": 1.0,
      "location": [
        0.17166028057301308,
        0.10601397532946519,
        0.11531010392381781
      ],
      "quaternion_xyzw": [
        -0.41573955308777544,
        0.7978577915591357,
        0.389364373074952,
        0.19743088265695752
      ],
      "projected_cuboid": [
        [
          193,
          167
        ],
        [
          174,
          192
        ],
        [
          220,
          212
        ],
        [
          241,
          189
        ],
        [
          187,
          199
        ],
        [
          167,
          224
        ],
        [
          216,
          244
        ],
        [
          237,
          221
        ],
        [
          205,
          206
        ]
      ],
      "truncation_ratio": 0.0
    }
  ]
}