{
  "camera_data": {
    "intrinsics": {
      "fx": 599.9999910593034,
      "fy": 599.9999910593034,
      "cx": 320.0,
      "cy": 240.0
    },
    "camera_view_matrix": [
      [
        0.73693,
        0.48885,
        -0.46686,
        0.0
      ],
      [
        -0.67597,
        0.53294,
        -0.50896,
        0.0
      ],
      [
        0.0,
        0.69065,
        0.72319,
        -0.0
      ],
      [
        -0.0,
        -0.0,
        -0.99986,
        1.0
      ]
    ],
    "camera_projection_matrix": [
      [
        1.875,
        0.0,
        0.0,
        0.0
      ],
      [
        0.0,
        2.5,
        0.0,
        0.0
      ],
      [
        0.0,
        0.0,
        5e-05,
        -1.0
      ],
      [
        0.0,
        0.0,
        0.05,
        0.0
      ]
    ]
  },
  "keypoint_order": [
    "LUF",
    "RUF",
    "RDF",
    "LDF",
    "LUB",
    "RUB",
    "RDB",
    "LDB",
    "Center"
  ],
  "objects": [
    {
      "class": "cube",
      "prim_path": "/Replicator/Ref_Xform",
      "visibility": 1.0,
      "location": [
        0.0144846918581221,
        -0.13075135056299575,
        -0.8879850940074095
      ],
      "quaternion_xyzw": [
        -0.3433250876259509,
        0.13549391773001862,
        0.3397796359739911,
        0.8650543806271292
      ],
      "projected_cuboid": [
        [
          346,
          121
        ],
        [
          395,
          94
        ],
        [
          461,
          131
        ],
        [
          412,
          162
        ],
        [
          343,
          177
        ],
        [
          389,
          150
        ],
        [
          449,
          187
        ],
        [
          404,
          219
        ],
        [
          399,
          155
        ]
      ],
      "truncation_ratio": 0.0
    },
    {
      "class": "16ozredsolocup,cube,erial",
      "prim_path": "/Replicator/Ref_Xform/Ref/_16oz__Red_Solo_Cup/_16oz__Red_Solo_Cup",
      "visibility": 1.0,
      "location": [
        0.03238314782668162,
        -0.14035256106291488,
        0.13035351267096623
      ],
      "quaternion_xyzw": [
        -0.3419179409130927,
        0.14702943992716772,
        0.34376571864691347,
        0.8621482448857769
      ],
      "projected_cuboid": [
        [
          347,
          121
        ],
        [
          395,
          96
        ],
        [
          461,
          132
        ],
        [
          413,
          161
        ],
        [
          344,
          176
        ],
        [
          388,
          150
        ],
        [
          448,
          187
        ],
        [
          404,
          218
        ],
        [
          399,
          155
        ]
      ],
      "truncation_ratio": 0.0
    },
    {
      "class": "16ozredsolocup,erial",
      "prim_path": "/Replicator/Ref_Xform_01/Ref/_16oz__Red_Solo_Cup/_16oz__Red_Solo_Cup",
      "visibility": 1.0,
      "location": [
        -0.03807954327669143,
        -0.36617072810767975,
        0.10167508302997402
      ],
      "quaternion_xyzw": [
        -0.23329984430928477,
        -0.2862266653185179,
        0.9290843108460981,
        -0.021161806291892845
      ],
      "projected_cuboid": [
        [
          569,
          429
        ],
        [
          445,
          435
        ],
        [
          419,
          312
        ],
        [
          525,
          308
        ],
        [
          538,
          474
        ],
        [
          428,
          479
        ],
        [
          407,
          362
        ],
        [
          503,
          359
        ],
        [
          478,
          392
        ]
      ],
      "truncation_ratio": 0.0
    }
  ]
}