{
  "camera_data": {
    "intrinsics": {
      "fx": 599.9999910593034,
      "fy": 599.9999910593034,
      "cx": 320.0,
      "cy": 240.0
    },
    "camera_view_matrix": [
      [
        0.74604,
        0.24302,
        0.61997,
        0.0
      ],
      [
        0.6659,
        -0.27227,
        -0.69459,
        0.0
      ],
      [
        0.0,
        0.93103,
        -0.36495,
        0.0
      ],
      [
        -0.0,
        -0.0,
        -0.95369,
        1.0
      ]
    ],
    "camera_projection_matrix": [
      [
        1.875,
        0.0,
        0.0,
        0.0
      ],
      [
        0.0,
        2.5,
        0.0,
        0.0
      ],
      [
        0.0,
        0.0,
        5e-05,
        -1.0
      ],
      [
        0.0,
        0.0,
        0.05,
        0.0
      ]
    ]
  },
  "keypoint_order": [
    "LUF",
    "RUF",
    "RDF",
    "LDF",
    "LUB",
    "RUB",
    "RDB",
    "LDB",
    "Center"
  ],
  "objects": [
    {
      "class": "cube",
      "prim_path": "/Replicator/Ref_Xform",
      "visibility": 1.0,
      "location": [
        0.10657071906333013,
        -0.023734274867571157,
        -0.8374522779837865
      ],
      "quaternion_xyzw": [
        0.771085213517273,
        0.295017281639951,
        0.1986450354596534,
        -0.5281406506945179
      ],
      "projected_cuboid": [
        [
          405,
          128
        ],
        [
          457,
          106
        ],
        [
          415,
          71
        ],
        [
          361,
          97
        ],
        [
          408,
          180
        ],
        [
          462,
          161
        ],
        [
          419,
          130
        ],
        [
          363,
          153
        ],
        [
          411,
          129
        ]
      ],
      "truncation_ratio": 0.0
    },
    {
      "class": "16ozredsolocup,cube,erial",
      "prim_path": "/Replicator/Ref_Xform/Ref/_16oz__Red_Solo_Cup/_16oz__Red_Solo_Cup",
      "visibility": 1.0,
      "location": [
        0.10970452489515731,
        -0.025495263522060833,
        0.10437609957385222
      ],
      "quaternion_xyzw": [
        0.7710852135515096,
        0.29501728163382634,
        0.19864503549184498,
        -0.5281406506358454
      ],
      "projected_cuboid": [
        [
          405,
          128
        ],
        [
          457,
          106
        ],
        [
          415,
          71
        ],
        [
          361,
          97
        ],
        [
          408,
          180
        ],
        [
          462,
          161
        ],
        [
          419,
          130
        ],
        [
          363,
          153
        ],
        [
          411,
          129
        ]
      ],
      "truncation_ratio": 0.0
    }
  ]
}