{
  "camera_data": {
    "intrinsics": {
      "fx": 599.9999910593034,
      "fy": 599.9999910593034,
      "cx": 320.0,
      "cy": 240.0
    },
    "camera_view_matrix": [
      [
        -0.76549,
        0.1471,
        0.62641,
        0.0
      ],
      [
        0.64345,
        0.175,
        0.74522,
        -0.0
      ],
      [
        -0.0,
        0.97352,
        -0.22861,
        0.0
      ],
      [
        -0.0,
        0.0,
        -0.85372,
        1.0
      ]
    ],
    "camera_projection_matrix": [
      [
        1.875,
        0.0,
        0.0,
        0.0
      ],
      [
        0.0,
        2.5,
        0.0,
        0.0
      ],
      [
        0.0,
        0.0,
        5e-05,
        -1.0
      ],
      [
        0.0,
        0.0,
        0.05,
        0.0
      ]
    ]
  },
  "keypoint_order": [
    "LUF",
    "RUF",
    "RDF",
    "LDF",
    "LUB",
    "RUB",
    "RDB",
    "LDB",
    "Center"
  ],
  "objects": [
    {
      "class": "cube",
      "prim_path": "/Replicator/Ref_Xform",
      "visibility": 1.0,
      "location": [
        -0.06224035805635178,
        -0.17022108389556753,
        -0.6565063272178089
      ],
      "quaternion_xyzw": [
        0.26747897344659016,
        0.7343863288994062,
        0.5846658360289121,
        -0.21748006545480136
      ],
      "projected_cuboid": [
        [
          318,
          68
        ],
        [
          267,
          47
        ],
        [
          225,
          77
        ],
        [
          274,
          94
        ],
        [
          318,
          125
        ],
        [
          267,
          108
        ],
        [
          224,
          133
        ],
        [
          273,
          148
        ],
        [
          271,
          100
        ]
      ],
      "truncation_ratio": 0.0
    },
    {
      "class": "16ozredsolocup,cube,erial",
      "prim_path": "/Replicator/Ref_Xform/Ref/_16oz__Red_Solo_Cup/_16oz__Red_Solo_Cup",
      "visibility": 1.0,
      "location": [
        -0.043398985268088254,
        -0.17963481767024597,
        0.20904305461367115
      ],
      "quaternion_xyzw": [
        0.27519393305662054,
        0.7332942136025771,
        0.5792919670873414,
        -0.22576251321662072
      ],
      "projected_cuboid": [
        [
          316,
          68
        ],
        [
          267,
          48
        ],
        [
          226,
          78
        ],
        [
          273,
          94
        ],
        [
          318,
          124
        ],
        [
          268,
          108
        ],
        [
          225,
          133
        ],
        [
          273,
          146
        ],
        [
          271,
          100
        ]
      ],
      "truncation_ratio": 0.0
    }
  ]
}