{
  "camera_data": {
    "intrinsics": {
      "fx": 599.9999910593034,
      "fy": 599.9999910593034,
      "cx": 320.0,
      "cy": 240.0
    },
    "camera_view_matrix": [
      [
        0.85543,
        0.22022,
        0.46876,
        -0.0
      ],
      [
        0.51792,
        -0.36374,
        -0.77425,
        0.0
      ],
      [
        -0.0,
        0.9051,
        -0.42521,
        0.0
      ],
      [
        -0.0,
        0.0,
        -0.83517,
        1.0
      ]
    ],
    "camera_projection_matrix": [
      [
        1.875,
        0.0,
        0.0,
        0.0
      ],
      [
        0.0,
        2.5,
        0.0,
        0.0
      ],
      [
        0.0,
        0.0,
        5e-05,
        -1.0
      ],
      [
        0.0,
        0.0,
        0.05,
        0.0
      ]
    ]
  },
  "keypoint_order": [
    "LUF",
    "RUF",
    "RDF",
    "LDF",
    "LUB",
    "RUB",
    "RDB",
    "LDB",
    "Center"
  ],
  "objects": [
    {
      "class": "cube",
      "prim_path": "/Replicator/Ref_Xform",
      "visibility": 0.923,
      "location": [
        -0.096987775652197,
        -0.14202986886284227,
        -0.6940651478232305
      ],
      "quaternion_xyzw": [
        0.8106027971506113,
        0.22872267892942988,
        0.14075885498329546,
        -0.5203806166055204
      ],
      "projected_cuboid": [
        [
          261,
          116
        ],
        [
          315,
          96
        ],
        [
          268,
          47
        ],
        [
          211,
          72
        ],
        [
          258,
          170
        ],
        [
          314,
          151
        ],
        [
          265,
          106
        ],
        [
          206,
          129
        ],
        [
          263,
          112
        ]
      ],
      "truncation_ratio": 0.0
    },
    {
      "class": "16ozredsolocup,cube,erial",
      "prim_path": "/Replicator/Ref_Xform/Ref/_16oz__Red_Solo_Cup/_16oz__Red_Solo_Cup",
      "visibility": 0.923,
      "location": [
        -0.09301462043000705,
        -0.14788461297955438,
        0.12933756185527998
      ],
      "quaternion_xyzw": [
        0.8106027971211365,
        0.22872267903628152,
        0.14075885504889699,
        -0.5203806165867245
      ],
      "projected_cuboid": [
        [
          261,
          116
        ],
        [
          315,
          96
        ],
        [
          268,
          47
        ],
        [
          211,
          72
        ],
        [
          258,
          170
        ],
        [
          314,
          151
        ],
        [
          265,
          106
        ],
        [
          206,
          129
        ],
        [
          263,
          112
        ]
      ],
      "truncation_ratio": 0.0
    }
  ]
}