{
  "camera_data": {
    "intrinsics": {
      "fx": 599.9999910593034,
      "fy": 599.9999910593034,
      "cx": 320.0,
      "cy": 240.0
    },
    "camera_view_matrix": [
      [
        0.96244,
        -0.00872,
        0.27136,
        -0.0
      ],
      [
        0.2715,
        0.03092,
        -0.96194,
        0.0
      ],
      [
        -0.0,
        0.99948,
        0.03213,
        0.0
      ],
      [
        -0.0,
        -0.0,
        -0.90844,
        1.0
      ]
    ],
    "camera_projection_matrix": [
      [
        1.875,
        0.0,
        0.0,
        0.0
      ],
      [
        0.0,
        2.5,
        0.0,
        0.0
      ],
      [
        0.0,
        0.0,
        5e-05,
        -1.0
      ],
      [
        0.0,
        0.0,
        0.05,
        0.0
      ]
    ]
  },
  "keypoint_order": [
    "LUF",
    "RUF",
    "RDF",
    "LDF",
    "LUB",
    "RUB",
    "RDB",
    "LDB",
    "Center"
  ],
  "objects": [
    {
      "class": "cube",
      "prim_path": "/Replicator/Ref_Xform",
      "visibility": 1.0,
      "location": [
        -0.05215954007982426,
        -0.17345739705135038,
        -0.7407264655611485
      ],
      "quaternion_xyzw": [
        -0.6875103520724098,
        -0.09265889400412228,
        -0.0952803687451506,
        0.7139086051358339
      ],
      "projected_cuboid": [
        [
          280,
          75
        ],
        [
          347,
          71
        ],
        [
          324,
          46
        ],
        [
          246,
          52
        ],
        [
          279,
          145
        ],
        [
          347,
          143
        ],
        [
          324,
          131
        ],
        [
          246,
          133
        ],
        [
          300,
          100
        ]
      ],
      "truncation_ratio": 0.0
    },
    {
      "class": "16ozredsolocup,cube,erial",
      "prim_path": "/Replicator/Ref_Xform/Ref/_16oz__Red_Solo_Cup/_16oz__Red_Solo_Cup",
      "visibility": 1.0,
      "location": [
        -0.04473310430362023,
        -0.17825502088435,
        0.13678611199763308
      ],
      "quaternion_xyzw": [
        -0.6875103520830982,
        -0.09265889406033487,
        -0.09528036875851008,
        0.713908605116462
      ],
      "projected_cuboid": [
        [
          280,
          75
        ],
        [
          347,
          71
        ],
        [
          324,
          46
        ],
        [
          246,
          52
        ],
        [
          279,
          145
        ],
        [
          347,
          143
        ],
        [
          324,
          131
        ],
        [
          246,
          133
        ],
        [
          300,
          100
        ]
      ],
      "truncation_ratio": 0.0
    }
  ]
}