{
  "camera_data": {
    "intrinsics": {
      "fx": 599.9999910593034,
      "fy": 599.9999910593034,
      "cx": 320.0,
      "cy": 240.0
    },
    "camera_view_matrix": [
      [
        0.82331,
        -0.19586,
        0.53273,
        -0.0
      ],
      [
        0.56759,
        0.2841,
        -0.77274,
        0.0
      ],
      [
        -0.0,
        0.93858,
        0.34507,
        0.0
      ],
      [
        0.0,
        0.0,
        -0.82402,
        1.0
      ]
    ],
    "camera_projection_matrix": [
      [
        1.875,
        0.0,
        0.0,
        0.0
      ],
      [
        0.0,
        2.5,
        0.0,
        0.0
      ],
      [
        0.0,
        0.0,
        5e-05,
        -1.0
      ],
      [
        0.0,
        0.0,
        0.05,
        0.0
      ]
    ]
  },
  "keypoint_order": [
    "LUF",
    "RUF",
    "RDF",
    "LDF",
    "LUB",
    "RUB",
    "RDB",
    "LDB",
    "Center"
  ],
  "objects": [
    {
      "class": "cube",
      "prim_path": "/Replicator/Ref_Xform",
      "visibility": 0.402,
      "location": [
        -0.1484350884954901,
        -0.17863381407276907,
        -0.6587937783093195
      ],
      "quaternion_xyzw": [
        -0.5428438663021549,
        -0.17107747959111097,
        -0.24080961635977904,
        0.786170313267766
      ],
      "projected_cuboid": [
        [
          195,
          37
        ],
        [
          256,
          39
        ],
        [
          180,
          43
        ],
        [
          117,
          41
        ],
        [
          201,
          116
        ],
        [
          259,
          123
        ],
        [
          187,
          139
        ],
        [
          127,
          130
        ],
        [
          192,
          84
        ]
      ],
      "truncation_ratio": 0.0
    },
    {
      "class": "16ozredsolocup,cube,erial",
      "prim_path": "/Replicator/Ref_Xform/Ref/_16oz__Red_Solo_Cup/_16oz__Red_Solo_Cup",
      "visibility": 0.402,
      "location": [
        -0.14757918846863213,
        -0.18478931674843352,
        0.16165699527486815
      ],
      "quaternion_xyzw": [
        -0.5428438664653663,
        -0.17107747948441557,
        -0.2408096165454625,
        0.7861703131214117
      ],
      "projected_cuboid": [
        [
          195,
          37
        ],
        [
          256,
          39
        ],
        [
          180,
          43
        ],
        [
          117,
          41
        ],
        [
          201,
          116
        ],
        [
          259,
          123
        ],
        [
          187,
          139
        ],
        [
          127,
          130
        ],
        [
          192,
          84
        ]
      ],
      "truncation_ratio": 0.0
    }
  ]
}