{
  "camera_data": {
    "intrinsics": {
      "fx": 599.9999910593034,
      "fy": 599.9999910593034,
      "cx": 320.0,
      "cy": 240.0
    },
    "camera_view_matrix": [
      [
        -0.93424,
        0.20677,
        0.2906,
        0.0
      ],
      [
        0.35665,
        0.54163,
        0.76121,
        0.0
      ],
      [
        0.0,
        0.81479,
        -0.57975,
        0.0
      ],
      [
        0.0,
        0.0,
        -0.95051,
        1.0
      ]
    ],
    "camera_projection_matrix": [
      [
        1.875,
        0.0,
        0.0,
        0.0
      ],
      [
        0.0,
        2.5,
        0.0,
        0.0
      ],
      [
        0.0,
        0.0,
        5e-05,
        -1.0
      ],
      [
        0.0,
        0.0,
        0.05,
        0.0
      ]
    ]
  },
  "keypoint_order": [
    "LUF",
    "RUF",
    "RDF",
    "LDF",
    "LUB",
    "RUB",
    "RDB",
    "LDB",
    "Center"
  ],
  "objects": [
    {
      "class": "cube",
      "prim_path": "/Replicator/Ref_Xform",
      "visibility": 1.0,
      "location": [
        0.1319860451483477,
        -0.0007509433055527381,
        -0.8151140029275408
      ],
      "quaternion_xyzw": [
        0.1611644120867431,
        0.8726891205504705,
        0.45267331491138163,
        -0.08675598605699684
      ],
      "projected_cuboid": [
        [
          264,
          74
        ],
        [
          201,
          56
        ],
        [
          186,
          112
        ],
        [
          244,
          128
        ],
        [
          261,
          118
        ],
        [
          194,
          100
        ],
        [
          178,
          156
        ],
        [
          240,
          170
        ],
        [
          221,
          115
        ]
      ],
      "truncation_ratio": 0.0
    },
    {
      "class": "16ozredsolocup,cube,erial",
      "prim_path": "/Replicator/Ref_Xform/Ref/_16oz__Red_Solo_Cup/_16oz__Red_Solo_Cup",
      "visibility": 1.0,
      "location": [
        0.13764649068618695,
        -0.006060301457638447,
        0.10716313175215793
      ],
      "quaternion_xyzw": [
        0.1611644120795615,
        0.8726891204530823,
        0.45267331508205816,
        -0.08675598615942628
      ],
      "projected_cuboid": [
        [
          264,
          74
        ],
        [
          201,
          56
        ],
        [
          186,
          112
        ],
        [
          244,
          128
        ],
        [
          261,
          118
        ],
        [
          194,
          100
        ],
        [
          178,
          156
        ],
        [
          240,
          170
        ],
        [
          221,
          115
        ]
      ],
      "truncation_ratio": 0.0
    }
  ]
}