{
  "camera_data": {
    "intrinsics": {
      "fx": 599.9999910593034,
      "fy": 599.9999910593034,
      "cx": 320.0,
      "cy": 240.0
    },
    "camera_view_matrix": [
      [
        -0.58641,
        0.35151,
        -0.72977,
        0.0
      ],
      [
        -0.81002,
        -0.25447,
        0.52832,
        -0.0
      ],
      [
        -0.0,
        0.90094,
        0.43395,
        0.0
      ],
      [
        0.0,
        -0.0,
        -0.6747,
        1.0
      ]
    ],
    "camera_projection_matrix": [
      [
        1.875,
        0.0,
        0.0,
        0.0
      ],
      [
        0.0,
        2.5,
        0.0,
        0.0
      ],
      [
        0.0,
        0.0,
        5e-05,
        -1.0
      ],
      [
        0.0,
        0.0,
        0.05,
        0.0
      ]
    ]
  },
  "keypoint_order": [
    "LUF",
    "RUF",
    "RDF",
    "LDF",
    "LUB",
    "RUB",
    "RDB",
    "LDB",
    "Center"
  ],
  "objects": [
    {
      "class": "cube",
      "prim_path": "/Replicator/Ref_Xform",
      "visibility": 1.0,
      "location": [
        -0.19964872031432607,
        0.133110049831177,
        -0.5102724349796037
      ],
      "quaternion_xyzw": [
        -0.23918888805911598,
        0.4736152307763801,
        0.756073093463023,
        0.3831850288658664
      ],
      "projected_cuboid": [
        [
          121,
          -19
        ],
        [
          63,
          -24
        ],
        [
          241,
          -27
        ],
        [
          325,
          -24
        ],
        [
          147,
          182
        ],
        [
          91,
          141
        ],
        [
          248,
          115
        ],
        [
          325,
          145
        ],
        [
          200,
          64
        ]
      ],
      "truncation_ratio": 0.1291866028708134
    },
    {
      "class": "16ozredsolocup,cube,erial",
      "prim_path": "/Replicator/Ref_Xform/Ref/_16oz__Red_Solo_Cup/_16oz__Red_Solo_Cup",
      "visibility": 1.0,
      "location": [
        -0.18165714776201025,
        0.12743014455040966,
        0.17918895993218895
      ],
      "quaternion_xyzw": [
        -0.23093609601150336,
        0.480342037545599,
        0.7576620391982328,
        0.37668060858435964
      ],
      "projected_cuboid": [
        [
          120,
          -18
        ],
        [
          64,
          -18
        ],
        [
          240,
          -23
        ],
        [
          322,
          -24
        ],
        [
          148,
          178
        ],
        [
          93,
          142
        ],
        [
          250,
          115
        ],
        [
          325,
          141
        ],
        [
          200,
          64
        ]
      ],
      "truncation_ratio": 0.1188118811881188
    },
    {
      "class": "16ozredsolocup,erial",
      "prim_path": "/Replicator/Ref_Xform_01/Ref/_16oz__Red_Solo_Cup/_16oz__Red_Solo_Cup",
      "visibility": 1.0,
      "location": [
        0.22590268876429886,
        -0.4936228491660912,
        0.2064790741857272
      ],
      "quaternion_xyzw": [
        -0.44552540833878784,
        0.2855177525083783,
        0.8481355729520108,
        -0.025549430922929373
      ],
      "projected_cuboid": [
        [
          518,
          -45
        ],
        [
          446,
          -47
        ],
        [
          423,
          -46
        ],
        [
          486,
          -45
        ],
        [
          508,
          15
        ],
        [
          440,
          14
        ],
        [
          418,
          7
        ],
        [
          479,
          8
        ],
        [
          464,
          -17
        ]
      ],
      "truncation_ratio": 0.7580645161290323
    }
  ]
}