{
  "camera_data": {
    "intrinsics": {
      "fx": 599.9999910593034,
      "fy": 599.9999910593034,
      "cx": 320.0,
      "cy": 240.0
    },
    "camera_view_matrix": [
      [
        0.94443,
        0.12262,
        -0.30497,
        0.0
      ],
      [
        -0.3287,
        0.35231,
        -0.87626,
        0.0
      ],
      [
        0.0,
        0.92782,
        0.37304,
        -0.0
      ],
      [
        -0.0,
        -0.0,
        -0.29691,
        1.0
      ]
    ],
    "camera_projection_matrix": [
      [
        1.875,
        0.0,
        0.0,
        0.0
      ],
      [
        0.0,
        2.5,
        0.0,
        0.0
      ],
      [
        0.0,
        0.0,
        5e-05,
        -1.0
      ],
      [
        0.0,
        0.0,
        0.05,
        0.0
      ]
    ]
  },
  "keypoint_order": [
    "LUF",
    "RUF",
    "RDF",
    "LDF",
    "LUB",
    "RUB",
    "RDB",
    "LDB",
    "Center"
  ],
  "objects": []
}