{
  "camera_data": {
    "intrinsics": {
      "fx": 599.9999910593034,
      "fy": 599.9999910593034,
      "cx": 320.0,
      "cy": 240.0
    },
    "camera_view_matrix": [
      [
        0.95013,
        -0.26255,
        0.16831,
        0.0
      ],
      [
        0.31187,
        0.79989,
        -0.51275,
        0.0
      ],
      [
        0.0,
        0.53967,
        0.84188,
        -0.0
      ],
      [
        -0.0,
        -0.0,
        -0.6583,
        1.0
      ]
    ],
    "camera_projection_matrix": [
      [
        1.875,
        0.0,
        0.0,
        0.0
      ],
      [
        0.0,
        2.5,
        0.0,
        0.0
      ],
      [
        0.0,
        0.0,
        5e-05,
        -1.0
      ],
      [
        0.0,
        0.0,
        0.05,
        0.0
      ]
    ]
  },
  "keypoint_order": [
    "LUF",
    "RUF",
    "RDF",
    "LDF",
    "LUB",
    "RUB",
    "RDB",
    "LDB",
    "Center"
  ],
  "objects": [
    {
      "class": "cube",
      "prim_path": "/Replicator/Ref_Xform",
      "visibility": 1.0,
      "location": [
        0.03664762822300669,
        -0.11703155126822522,
        -0.5253253582171621
      ],
      "quaternion_xyzw": [
        -0.27648065612832057,
        -0.042270648320949136,
        -0.1482224508438542,
        0.9485788022843549
      ],
      "projected_cuboid": [
        [
          369,
          107
        ],
        [
          495,
          136
        ],
        [
          466,
          268
        ],
        [
          322,
          229
        ],
        [
          361,
          184
        ],
        [
          467,
          211
        ],
        [
          440,
          330
        ],
        [
          321,
          295
        ],
        [
          405,
          219
        ]
      ],
      "truncation_ratio": 0.0
    },
    {
      "class": "16ozredsolocup,cube,erial",
      "prim_path": "/Replicator/Ref_Xform/Ref/_16oz__Red_Solo_Cup/_16oz__Red_Solo_Cup",
      "visibility": 1.0,
      "location": [
        0.04030727624060854,
        -0.1190556146793866,
        0.11050010956425657
      ],
      "quaternion_xyzw": [
        -0.27648065609730366,
        -0.04227064827819413,
        -0.14822245070020784,
        0.9485788023177464
      ],
      "projected_cuboid": [
        [
          369,
          107
        ],
        [
          495,
          136
        ],
        [
          466,
          268
        ],
        [
          322,
          229
        ],
        [
          361,
          184
        ],
        [
          467,
          211
        ],
        [
          440,
          330
        ],
        [
          321,
          295
        ],
        [
          405,
          219
        ]
      ],
      "truncation_ratio": 0.0
    }
  ]
}