{
  "camera_data": {
    "intrinsics": {
      "fx": 599.9999910593034,
      "fy": 599.9999910593034,
      "cx": 320.0,
      "cy": 240.0
    },
    "camera_view_matrix": [
      [
        0.85703,
        0.05391,
        -0.51244,
        0.0
      ],
      [
        -0.51526,
        0.08966,
        -0.85233,
        0.0
      ],
      [
        -0.0,
        0.99451,
        0.10462,
        0.0
      ],
      [
        -0.0,
        0.0,
        -1.02011,
        1.0
      ]
    ],
    "camera_projection_matrix": [
      [
        1.875,
        0.0,
        0.0,
        0.0
      ],
      [
        0.0,
        2.5,
        0.0,
        0.0
      ],
      [
        0.0,
        0.0,
        5e-05,
        -1.0
      ],
      [
        0.0,
        0.0,
        0.05,
        0.0
      ]
    ]
  },
  "keypoint_order": [
    "LUF",
    "RUF",
    "RDF",
    "LDF",
    "LUB",
    "RUB",
    "RDB",
    "LDB",
    "Center"
  ],
  "objects": [
    {
      "class": "cube",
      "prim_path": "/Replicator/Ref_Xform",
      "visibility": 1.0,
      "location": [
        0.1621040216881932,
        0.1344964785010382,
        -0.8872405832645998
      ],
      "quaternion_xyzw": [
        -0.6431367925924351,
        0.18072511877820707,
        0.20273566805199106,
        0.7159690959503986
      ],
      "projected_cuboid": [
        [
          327,
          126
        ],
        [
          365,
          128
        ],
        [
          399,
          124
        ],
        [
          360,
          122
        ],
        [
          327,
          172
        ],
        [
          364,
          173
        ],
        [
          398,
          173
        ],
        [
          359,
          172
        ],
        [
          362,
          149
        ]
      ],
      "truncation_ratio": 0.0
    },
    {
      "class": "16ozredsolocup,cube,erial",
      "prim_path": "/Replicator/Ref_Xform/Ref/_16oz__Red_Solo_Cup/_16oz__Red_Solo_Cup",
      "visibility": 1.0,
      "location": [
        0.170737243961347,
        0.13163554394101362,
        0.11545439961997656
      ],
      "quaternion_xyzw": [
        -0.6431367924985154,
        0.18072511885548323,
        0.20273566809673213,
        0.7159690960025891
      ],
      "projected_cuboid": [
        [
          327,
          126
        ],
        [
          365,
          128
        ],
        [
          399,
          124
        ],
        [
          360,
          122
        ],
        [
          327,
          172
        ],
        [
          364,
          173
        ],
        [
          398,
          173
        ],
        [
          359,
          172
        ],
        [
          362,
          149
        ]
      ],
      "truncation_ratio": 0.0
    }
  ]
}