{
  "camera_data": {
    "intrinsics": {
      "fx": 599.9999910593034,
      "fy": 599.9999910593034,
      "cx": 320.0,
      "cy": 240.0
    },
    "camera_view_matrix": [
      [
        -0.96559,
        0.00275,
        0.26004,
        0.0
      ],
      [
        0.26006,
        0.01023,
        0.96554,
        -0.0
      ],
      [
        -0.0,
        0.99994,
        -0.01059,
        0.0
      ],
      [
        -0.0,
        -0.0,
        -0.82561,
        1.0
      ]
    ],
    "camera_projection_matrix": [
      [
        1.875,
        0.0,
        0.0,
        0.0
      ],
      [
        0.0,
        2.5,
        0.0,
        0.0
      ],
      [
        0.0,
        0.0,
        5e-05,
        -1.0
      ],
      [
        0.0,
        0.0,
        0.05,
        0.0
      ]
    ]
  },
  "keypoint_order": [
    "LUF",
    "RUF",
    "RDF",
    "LDF",
    "LUB",
    "RUB",
    "RDB",
    "LDB",
    "Center"
  ],
  "objects": [
    {
      "class": "cube",
      "prim_path": "/Replicator/Ref_Xform",
      "visibility": 1.0,
      "location": [
        -0.002798148406551717,
        0.13788779425899084,
        -0.666065783220372
      ],
      "quaternion_xyzw": [
        0.0932947331225523,
        0.7036665982548154,
        0.6974961426001721,
        -0.09822699389662896
      ],
      "projected_cuboid": [
        [
          385,
          -12
        ],
        [
          284,
          -23
        ],
        [
          261,
          24
        ],
        [
          346,
          32
        ],
        [
          386,
          91
        ],
        [
          285,
          84
        ],
        [
          262,
          113
        ],
        [
          347,
          118
        ],
        [
          319,
          55
        ]
      ],
      "truncation_ratio": 0.16312056737588654
    },
    {
      "class": "16ozredsolocup,cube,erial",
      "prim_path": "/Replicator/Ref_Xform/Ref/_16oz__Red_Solo_Cup/_16oz__Red_Solo_Cup",
      "visibility": 1.0,
      "location": [
        0.004240900826415574,
        0.13556127833198314,
        0.13960730584020561
      ],
      "quaternion_xyzw": [
        0.09329473302995057,
        0.7036665982734187,
        0.6974961426192906,
        -0.09822699371555448
      ],
      "projected_cuboid": [
        [
          385,
          -12
        ],
        [
          284,
          -23
        ],
        [
          261,
          24
        ],
        [
          346,
          32
        ],
        [
          386,
          91
        ],
        [
          285,
          84
        ],
        [
          262,
          113
        ],
        [
          347,
          118
        ],
        [
          319,
          55
        ]
      ],
      "truncation_ratio": 0.16312056737588654
    }
  ]
}