{
  "camera_data": {
    "intrinsics": {
      "fx": 599.9999910593034,
      "fy": 599.9999910593034,
      "cx": 320.0,
      "cy": 240.0
    },
    "camera_view_matrix": [
      [
        -0.99969,
        0.01669,
        0.01868,
        0.0
      ],
      [
        0.02505,
        0.66613,
        0.74541,
        0.0
      ],
      [
        0.0,
        0.74565,
        -0.66634,
        0.0
      ],
      [
        -0.0,
        0.0,
        -1.08001,
        1.0
      ]
    ],
    "camera_projection_matrix": [
      [
        1.875,
        0.0,
        0.0,
        0.0
      ],
      [
        0.0,
        2.5,
        0.0,
        0.0
      ],
      [
        0.0,
        0.0,
        5e-05,
        -1.0
      ],
      [
        0.0,
        0.0,
        0.05,
        0.0
      ]
    ]
  },
  "keypoint_order": [
    "LUF",
    "RUF",
    "RDF",
    "LDF",
    "LUB",
    "RUB",
    "RDB",
    "LDB",
    "Center"
  ],
  "objects": [
    {
      "class": "cube",
      "prim_path": "/Replicator/Ref_Xform",
      "visibility": 1.0,
      "location": [
        -0.12940370937151566,
        -0.13521970729452876,
        -0.8970706179299934
      ],
      "quaternion_xyzw": [
        0.009594294656138529,
        0.9111296345539514,
        0.41193361716991794,
        -0.007837958467747437
      ],
      "projected_cuboid": [
        [
          379,
          155
        ],
        [
          332,
          154
        ],
        [
          330,
          196
        ],
        [
          373,
          197
        ],
        [
          382,
          187
        ],
        [
          333,
          186
        ],
        [
          330,
          228
        ],
        [
          376,
          229
        ],
        [
          355,
          192
        ]
      ],
      "truncation_ratio": 0.0
    },
    {
      "class": "16ozredsolocup,cube,erial",
      "prim_path": "/Replicator/Ref_Xform/Ref/_16oz__Red_Solo_Cup/_16oz__Red_Solo_Cup",
      "visibility": 1.0,
      "location": [
        -0.12566608342429555,
        -0.1435290244062963,
        0.16274752098743503
      ],
      "quaternion_xyzw": [
        0.00959429467763317,
        0.9111296345320382,
        0.4119336172190166,
        -0.007837958408310586
      ],
      "projected_cuboid": [
        [
          379,
          155
        ],
        [
          332,
          154
        ],
        [
          330,
          196
        ],
        [
          373,
          197
        ],
        [
          382,
          187
        ],
        [
          333,
          186
        ],
        [
          330,
          228
        ],
        [
          376,
          229
        ],
        [
          355,
          192
        ]
      ],
      "truncation_ratio": 0.0
    }
  ]
}